domain,status
a.hk,REGISTERED (resolves)
b.hk,NO RESPONSE
c.hk,REGISTERED (resolves)
d.hk,NO RESPONSE
e.hk,REGISTERED (resolves)
f.hk,REGISTERED (resolves)
g.hk,NO RESPONSE
h.hk,REGISTERED (resolves)
i.hk,REGISTERED (resolves)
j.hk,REGISTERED (resolves)
k.hk,REGISTERED (resolves)
l.hk,REGISTERED (resolves)
m.hk,NO RESPONSE
n.hk,NO RESPONSE
o.hk,REGISTERED (resolves)
p.hk,REGISTERED (resolves)
q.hk,REGISTERED (resolves)
r.hk,NO RESPONSE
s.hk,REGISTERED (resolves)
t.hk,NO RESPONSE
u.hk,NO RESPONSE
v.hk,NO RESPONSE
w.hk,REGISTERED (resolves)
x.hk,REGISTERED (resolves)
y.hk,REGISTERED (resolves)
z.hk,REGISTERED (resolves)
0.hk,REGISTERED (resolves)
1.hk,NO RESPONSE
2.hk,REGISTERED (resolves)
3.hk,NO RESPONSE
4.hk,REGISTERED (resolves)
5.hk,NO RESPONSE
6.hk,REGISTERED (resolves)
7.hk,REGISTERED (resolves)
8.hk,REGISTERED (resolves)
9.hk,REGISTERED (resolves)
aa.hk,REGISTERED (resolves)
ab.hk,REGISTERED (resolves)
ac.hk,REGISTERED (resolves)
ad.hk,REGISTERED (resolves)
ae.hk,NO RESPONSE
af.hk,NO RESPONSE
ag.hk,REGISTERED (resolves)
ah.hk,REGISTERED (resolves)
ai.hk,NO RESPONSE
aj.hk,REGISTERED (resolves)
ak.hk,NO RESPONSE
al.hk,REGISTERED (resolves)
am.hk,REGISTERED (resolves)
an.hk,REGISTERED (resolves)
ao.hk,REGISTERED (resolves)
ap.hk,REGISTERED (resolves)
aq.hk,REGISTERED (resolves)
ar.hk,REGISTERED (resolves)
as.hk,REGISTERED (resolves)
at.hk,REGISTERED (resolves)
au.hk,REGISTERED (resolves)
av.hk,NO RESPONSE
aw.hk,REGISTERED (resolves)
ax.hk,REGISTERED (resolves)
ay.hk,REGISTERED (resolves)
az.hk,REGISTERED (resolves)
a0.hk,NO RESPONSE
a1.hk,REGISTERED (resolves)
a2.hk,NO RESPONSE
a3.hk,REGISTERED (resolves)
a4.hk,REGISTERED (resolves)
a5.hk,NO RESPONSE
a6.hk,NO RESPONSE
a7.hk,REGISTERED (resolves)
a8.hk,REGISTERED (resolves)
a9.hk,REGISTERED (resolves)
ba.hk,REGISTERED (resolves)
bb.hk,REGISTERED (resolves)
bc.hk,REGISTERED (resolves)
bd.hk,REGISTERED (resolves)
be.hk,REGISTERED (resolves)
bf.hk,REGISTERED (resolves)
bg.hk,REGISTERED (resolves)
bh.hk,REGISTERED (resolves)
bi.hk,REGISTERED (resolves)
bj.hk,REGISTERED (resolves)
bk.hk,REGISTERED (resolves)
bl.hk,REGISTERED (resolves)
bm.hk,REGISTERED (resolves)
bn.hk,REGISTERED (resolves)
bo.hk,NO RESPONSE
bp.hk,REGISTERED (resolves)
bq.hk,REGISTERED (resolves)
br.hk,REGISTERED (resolves)
bs.hk,NO RESPONSE
bt.hk,NO RESPONSE
bu.hk,NO RESPONSE
bv.hk,REGISTERED (resolves)
bw.hk,REGISTERED (resolves)
bx.hk,REGISTERED (resolves)
by.hk,REGISTERED (resolves)
bz.hk,NO RESPONSE
b0.hk,REGISTERED (resolves)
b1.hk,NO RESPONSE
b2.hk,REGISTERED (resolves)
b3.hk,REGISTERED (resolves)
b4.hk,REGISTERED (resolves)
b5.hk,REGISTERED (resolves)
b6.hk,NO RESPONSE
b7.hk,REGISTERED (resolves)
b8.hk,REGISTERED (resolves)
b9.hk,NO RESPONSE
ca.hk,REGISTERED (resolves)
cb.hk,REGISTERED (resolves)
cc.hk,REGISTERED (resolves)
cd.hk,REGISTERED (resolves)
ce.hk,REGISTERED (resolves)
cf.hk,REGISTERED (resolves)
cg.hk,REGISTERED (resolves)
ch.hk,REGISTERED (resolves)
ci.hk,REGISTERED (resolves)
cj.hk,REGISTERED (resolves)
ck.hk,REGISTERED (resolves)
cl.hk,REGISTERED (resolves)
cm.hk,REGISTERED (resolves)
cn.hk,REGISTERED (resolves)
co.hk,NO RESPONSE
cp.hk,REGISTERED (resolves)
cq.hk,REGISTERED (resolves)
cr.hk,NO RESPONSE
cs.hk,REGISTERED (resolves)
ct.hk,REGISTERED (resolves)
cu.hk,REGISTERED (resolves)
cv.hk,REGISTERED (resolves)
cw.hk,REGISTERED (resolves)
cx.hk,REGISTERED (resolves)
cy.hk,REGISTERED (resolves)
cz.hk,REGISTERED (resolves)
c0.hk,REGISTERED (resolves)
c1.hk,REGISTERED (resolves)
c2.hk,REGISTERED (resolves)
c3.hk,REGISTERED (resolves)
c4.hk,REGISTERED (resolves)
c5.hk,REGISTERED (resolves)
c6.hk,REGISTERED (resolves)
c7.hk,REGISTERED (resolves)
c8.hk,REGISTERED (resolves)
c9.hk,REGISTERED (resolves)
da.hk,REGISTERED (resolves)
db.hk,REGISTERED (resolves)
dc.hk,REGISTERED (resolves)
dd.hk,REGISTERED (resolves)
de.hk,REGISTERED (resolves)
df.hk,REGISTERED (resolves)
dg.hk,REGISTERED (resolves)
dh.hk,REGISTERED (resolves)
di.hk,REGISTERED (resolves)
dj.hk,NO RESPONSE
dk.hk,REGISTERED (resolves)
dl.hk,REGISTERED (resolves)
dm.hk,REGISTERED (resolves)
dn.hk,REGISTERED (resolves)
do.hk,REGISTERED (resolves)
dp.hk,REGISTERED (resolves)
dq.hk,REGISTERED (resolves)
dr.hk,REGISTERED (resolves)
ds.hk,REGISTERED (resolves)
dt.hk,REGISTERED (resolves)
du.hk,REGISTERED (resolves)
dv.hk,NO RESPONSE
dw.hk,REGISTERED (resolves)
dx.hk,REGISTERED (resolves)
dy.hk,REGISTERED (resolves)
dz.hk,REGISTERED (resolves)
d0.hk,NO RESPONSE
d1.hk,REGISTERED (resolves)
d2.hk,REGISTERED (resolves)
d3.hk,REGISTERED (resolves)
d4.hk,REGISTERED (resolves)
d5.hk,REGISTERED (resolves)
d6.hk,REGISTERED (resolves)
d7.hk,REGISTERED (resolves)
d8.hk,REGISTERED (resolves)
d9.hk,REGISTERED (resolves)
ea.hk,REGISTERED (resolves)
eb.hk,REGISTERED (resolves)
ec.hk,REGISTERED (resolves)
ed.hk,REGISTERED (resolves)
ee.hk,REGISTERED (resolves)
ef.hk,NO RESPONSE
eg.hk,REGISTERED (resolves)
eh.hk,REGISTERED (resolves)
ei.hk,REGISTERED (resolves)
ej.hk,REGISTERED (resolves)
ek.hk,REGISTERED (resolves)
el.hk,REGISTERED (resolves)
em.hk,REGISTERED (resolves)
en.hk,REGISTERED (resolves)
eo.hk,REGISTERED (resolves)
ep.hk,REGISTERED (resolves)
eq.hk,NO RESPONSE
er.hk,REGISTERED (resolves)
es.hk,NO RESPONSE
et.hk,REGISTERED (resolves)
eu.hk,REGISTERED (resolves)
ev.hk,REGISTERED (resolves)
ew.hk,NO RESPONSE
ex.hk,REGISTERED (resolves)
ey.hk,REGISTERED (resolves)
ez.hk,REGISTERED (resolves)
e0.hk,NO RESPONSE
e1.hk,REGISTERED (resolves)
e2.hk,REGISTERED (resolves)
e3.hk,NO RESPONSE
e4.hk,REGISTERED (resolves)
e5.hk,REGISTERED (resolves)
e6.hk,REGISTERED (resolves)
e7.hk,REGISTERED (resolves)
e8.hk,REGISTERED (resolves)
e9.hk,REGISTERED (resolves)
fa.hk,REGISTERED (resolves)
fb.hk,REGISTERED (resolves)
fc.hk,REGISTERED (resolves)
fd.hk,REGISTERED (resolves)
fe.hk,REGISTERED (resolves)
ff.hk,REGISTERED (resolves)
fg.hk,REGISTERED (resolves)
fh.hk,REGISTERED (resolves)
fi.hk,NO RESPONSE
fj.hk,REGISTERED (resolves)
fk.hk,REGISTERED (resolves)
fl.hk,REGISTERED (resolves)
fm.hk,REGISTERED (resolves)
fn.hk,REGISTERED (resolves)
fo.hk,REGISTERED (resolves)
fp.hk,REGISTERED (resolves)
fq.hk,REGISTERED (resolves)
fr.hk,REGISTERED (resolves)
fs.hk,REGISTERED (resolves)
ft.hk,REGISTERED (resolves)
fu.hk,REGISTERED (resolves)
fv.hk,NO RESPONSE
fw.hk,REGISTERED (resolves)
fx.hk,REGISTERED (resolves)
fy.hk,NO RESPONSE
fz.hk,REGISTERED (resolves)
f0.hk,NO RESPONSE
f1.hk,REGISTERED (resolves)
f2.hk,NO RESPONSE
f3.hk,REGISTERED (resolves)
f4.hk,NO RESPONSE
f5.hk,REGISTERED (resolves)
f6.hk,REGISTERED (resolves)
f7.hk,NO RESPONSE
f8.hk,REGISTERED (resolves)
f9.hk,REGISTERED (resolves)
ga.hk,REGISTERED (resolves)
gb.hk,REGISTERED (resolves)
gc.hk,REGISTERED (resolves)
gd.hk,REGISTERED (resolves)
ge.hk,NO RESPONSE
gf.hk,REGISTERED (resolves)
gg.hk,REGISTERED (resolves)
gh.hk,REGISTERED (resolves)
gi.hk,REGISTERED (resolves)
gj.hk,REGISTERED (resolves)
gk.hk,REGISTERED (resolves)
gl.hk,REGISTERED (resolves)
gm.hk,REGISTERED (resolves)
gn.hk,REGISTERED (resolves)
go.hk,REGISTERED (resolves)
gp.hk,REGISTERED (resolves)
gq.hk,NO RESPONSE
gr.hk,REGISTERED (resolves)
gs.hk,REGISTERED (resolves)
gt.hk,REGISTERED (resolves)
gu.hk,REGISTERED (resolves)
gv.hk,NO RESPONSE
gw.hk,REGISTERED (resolves)
gx.hk,REGISTERED (resolves)
gy.hk,REGISTERED (resolves)
gz.hk,REGISTERED (resolves)
g0.hk,REGISTERED (resolves)
g1.hk,REGISTERED (resolves)
g2.hk,REGISTERED (resolves)
g3.hk,NO RESPONSE
g4.hk,REGISTERED (resolves)
g5.hk,REGISTERED (resolves)
g6.hk,REGISTERED (resolves)
g7.hk,NO RESPONSE
g8.hk,REGISTERED (resolves)
g9.hk,NO RESPONSE
ha.hk,NO RESPONSE
hb.hk,REGISTERED (resolves)
hc.hk,REGISTERED (resolves)
hd.hk,NO RESPONSE
he.hk,REGISTERED (resolves)
hf.hk,REGISTERED (resolves)
hg.hk,REGISTERED (resolves)
hh.hk,REGISTERED (resolves)
hi.hk,REGISTERED (resolves)
hj.hk,REGISTERED (resolves)
hk.hk,REGISTERED (resolves)
hl.hk,REGISTERED (resolves)
hm.hk,REGISTERED (resolves)
hn.hk,REGISTERED (resolves)
ho.hk,REGISTERED (resolves)
hp.hk,REGISTERED (resolves)
hq.hk,NO RESPONSE
hr.hk,REGISTERED (resolves)
hs.hk,REGISTERED (resolves)
ht.hk,REGISTERED (resolves)
hu.hk,REGISTERED (resolves)
hv.hk,NO RESPONSE
hw.hk,REGISTERED (resolves)
hx.hk,NO RESPONSE
hy.hk,REGISTERED (resolves)
hz.hk,REGISTERED (resolves)
h0.hk,REGISTERED (resolves)
h1.hk,REGISTERED (resolves)
h2.hk,REGISTERED (resolves)
h3.hk,REGISTERED (resolves)
h4.hk,REGISTERED (resolves)
h5.hk,NO RESPONSE
h6.hk,REGISTERED (resolves)
h7.hk,REGISTERED (resolves)
h8.hk,NO RESPONSE
h9.hk,REGISTERED (resolves)
ia.hk,REGISTERED (resolves)
ib.hk,NO RESPONSE
ic.hk,REGISTERED (resolves)
id.hk,REGISTERED (resolves)
ie.hk,REGISTERED (resolves)
if.hk,REGISTERED (resolves)
ig.hk,REGISTERED (resolves)
ih.hk,REGISTERED (resolves)
ii.hk,NO RESPONSE
ij.hk,REGISTERED (resolves)
ik.hk,REGISTERED (resolves)
il.hk,NO RESPONSE
im.hk,NO RESPONSE
in.hk,NO RESPONSE
io.hk,NO RESPONSE
ip.hk,NO RESPONSE
iq.hk,REGISTERED (resolves)
ir.hk,REGISTERED (resolves)
is.hk,NO RESPONSE
it.hk,REGISTERED (resolves)
iu.hk,REGISTERED (resolves)
iv.hk,NO RESPONSE
iw.hk,REGISTERED (resolves)
ix.hk,REGISTERED (resolves)
iy.hk,REGISTERED (resolves)
iz.hk,REGISTERED (resolves)
i0.hk,REGISTERED (resolves)
i1.hk,REGISTERED (resolves)
i2.hk,REGISTERED (resolves)
i3.hk,NO RESPONSE
i4.hk,REGISTERED (resolves)
i5.hk,NO RESPONSE
i6.hk,REGISTERED (resolves)
i7.hk,REGISTERED (resolves)
i8.hk,NO RESPONSE
i9.hk,REGISTERED (resolves)
ja.hk,REGISTERED (resolves)
jb.hk,NO RESPONSE
jc.hk,NO RESPONSE
jd.hk,REGISTERED (resolves)
je.hk,REGISTERED (resolves)
jf.hk,NO RESPONSE
jg.hk,REGISTERED (resolves)
jh.hk,REGISTERED (resolves)
ji.hk,REGISTERED (resolves)
jj.hk,REGISTERED (resolves)
jk.hk,REGISTERED (resolves)
jl.hk,NO RESPONSE
jm.hk,REGISTERED (resolves)
jn.hk,REGISTERED (resolves)
jo.hk,REGISTERED (resolves)
jp.hk,REGISTERED (resolves)
jq.hk,NO RESPONSE
jr.hk,REGISTERED (resolves)
js.hk,REGISTERED (resolves)
jt.hk,REGISTERED (resolves)
ju.hk,REGISTERED (resolves)
jv.hk,REGISTERED (resolves)
jw.hk,REGISTERED (resolves)
jx.hk,REGISTERED (resolves)
jy.hk,REGISTERED (resolves)
jz.hk,REGISTERED (resolves)
j0.hk,REGISTERED (resolves)
j1.hk,NO RESPONSE
j2.hk,REGISTERED (resolves)
j3.hk,REGISTERED (resolves)
j4.hk,REGISTERED (resolves)
j5.hk,REGISTERED (resolves)
j6.hk,REGISTERED (resolves)
j7.hk,REGISTERED (resolves)
j8.hk,NO RESPONSE
j9.hk,REGISTERED (resolves)
ka.hk,REGISTERED (resolves)
kb.hk,REGISTERED (resolves)
kc.hk,REGISTERED (resolves)
kd.hk,NO RESPONSE
ke.hk,NO RESPONSE
kf.hk,NO RESPONSE
kg.hk,REGISTERED (resolves)
kh.hk,REGISTERED (resolves)
ki.hk,REGISTERED (resolves)
kj.hk,REGISTERED (resolves)
kk.hk,REGISTERED (resolves)
kl.hk,REGISTERED (resolves)
km.hk,REGISTERED (resolves)
kn.hk,REGISTERED (resolves)
ko.hk,REGISTERED (resolves)
kp.hk,REGISTERED (resolves)
kq.hk,REGISTERED (resolves)
kr.hk,REGISTERED (resolves)
ks.hk,REGISTERED (resolves)
kt.hk,REGISTERED (resolves)
ku.hk,REGISTERED (resolves)
kv.hk,REGISTERED (resolves)
kw.hk,REGISTERED (resolves)
kx.hk,REGISTERED (resolves)
ky.hk,REGISTERED (resolves)
kz.hk,REGISTERED (resolves)
k0.hk,NO RESPONSE
k1.hk,REGISTERED (resolves)
k2.hk,REGISTERED (resolves)
k3.hk,NO RESPONSE
k4.hk,REGISTERED (resolves)
k5.hk,NO RESPONSE
k6.hk,NO RESPONSE
k7.hk,REGISTERED (resolves)
k8.hk,REGISTERED (resolves)
k9.hk,REGISTERED (resolves)
la.hk,REGISTERED (resolves)
lb.hk,REGISTERED (resolves)
lc.hk,REGISTERED (resolves)
ld.hk,REGISTERED (resolves)
le.hk,REGISTERED (resolves)
lf.hk,REGISTERED (resolves)
lg.hk,REGISTERED (resolves)
lh.hk,REGISTERED (resolves)
li.hk,REGISTERED (resolves)
lj.hk,REGISTERED (resolves)
lk.hk,REGISTERED (resolves)
ll.hk,NO RESPONSE
lm.hk,REGISTERED (resolves)
ln.hk,REGISTERED (resolves)
lo.hk,REGISTERED (resolves)
lp.hk,REGISTERED (resolves)
lq.hk,REGISTERED (resolves)
lr.hk,NO RESPONSE
ls.hk,REGISTERED (resolves)
lt.hk,REGISTERED (resolves)
lu.hk,NO RESPONSE
lv.hk,REGISTERED (resolves)
lw.hk,REGISTERED (resolves)
lx.hk,REGISTERED (resolves)
ly.hk,REGISTERED (resolves)
lz.hk,REGISTERED (resolves)
l0.hk,REGISTERED (resolves)
l1.hk,REGISTERED (resolves)
l2.hk,REGISTERED (resolves)
l3.hk,NO RESPONSE
l4.hk,REGISTERED (resolves)
l5.hk,NO RESPONSE
l6.hk,REGISTERED (resolves)
l7.hk,NO RESPONSE
l8.hk,REGISTERED (resolves)
l9.hk,REGISTERED (resolves)
ma.hk,NO RESPONSE
mb.hk,REGISTERED (resolves)
mc.hk,REGISTERED (resolves)
md.hk,REGISTERED (resolves)
me.hk,REGISTERED (resolves)
mf.hk,REGISTERED (resolves)
mg.hk,REGISTERED (resolves)
mh.hk,REGISTERED (resolves)
mi.hk,REGISTERED (resolves)
mj.hk,REGISTERED (resolves)
mk.hk,REGISTERED (resolves)
ml.hk,REGISTERED (resolves)
mm.hk,NO RESPONSE
mn.hk,NO RESPONSE
mo.hk,REGISTERED (resolves)
mp.hk,REGISTERED (resolves)
mq.hk,NO RESPONSE
mr.hk,NO RESPONSE
ms.hk,REGISTERED (resolves)
mt.hk,NO RESPONSE
mu.hk,REGISTERED (resolves)
mv.hk,REGISTERED (resolves)
mw.hk,REGISTERED (resolves)
mx.hk,REGISTERED (resolves)
my.hk,REGISTERED (resolves)
mz.hk,REGISTERED (resolves)
m0.hk,REGISTERED (resolves)
m1.hk,NO RESPONSE
m2.hk,NO RESPONSE
m3.hk,NO RESPONSE
m4.hk,REGISTERED (resolves)
m5.hk,REGISTERED (resolves)
m6.hk,REGISTERED (resolves)
m7.hk,NO RESPONSE
m8.hk,REGISTERED (resolves)
m9.hk,REGISTERED (resolves)
na.hk,NO RESPONSE
nb.hk,REGISTERED (resolves)
nc.hk,NO RESPONSE
nd.hk,REGISTERED (resolves)
ne.hk,REGISTERED (resolves)
nf.hk,REGISTERED (resolves)
ng.hk,REGISTERED (resolves)
nh.hk,REGISTERED (resolves)
ni.hk,REGISTERED (resolves)
nj.hk,NO RESPONSE
nk.hk,NO RESPONSE
nl.hk,NO RESPONSE
nm.hk,REGISTERED (resolves)
nn.hk,REGISTERED (resolves)
no.hk,NO RESPONSE
np.hk,REGISTERED (resolves)
nq.hk,REGISTERED (resolves)
nr.hk,REGISTERED (resolves)
ns.hk,REGISTERED (resolves)
nt.hk,REGISTERED (resolves)
nu.hk,REGISTERED (resolves)
nv.hk,NO RESPONSE
nw.hk,REGISTERED (resolves)
nx.hk,REGISTERED (resolves)
ny.hk,NO RESPONSE
nz.hk,NO RESPONSE
n0.hk,REGISTERED (resolves)
n1.hk,REGISTERED (resolves)
n2.hk,REGISTERED (resolves)
n3.hk,NO RESPONSE
n4.hk,REGISTERED (resolves)
n5.hk,REGISTERED (resolves)
n6.hk,REGISTERED (resolves)
n7.hk,NO RESPONSE
n8.hk,REGISTERED (resolves)
n9.hk,NO RESPONSE
oa.hk,REGISTERED (resolves)
ob.hk,REGISTERED (resolves)
oc.hk,REGISTERED (resolves)
od.hk,REGISTERED (resolves)
oe.hk,REGISTERED (resolves)
of.hk,REGISTERED (resolves)
og.hk,REGISTERED (resolves)
oh.hk,REGISTERED (resolves)
oi.hk,REGISTERED (resolves)
oj.hk,NO RESPONSE
ok.hk,REGISTERED (resolves)
ol.hk,NO RESPONSE
om.hk,NO RESPONSE
on.hk,NO RESPONSE
oo.hk,REGISTERED (resolves)
op.hk,NO RESPONSE
oq.hk,REGISTERED (resolves)
or.hk,REGISTERED (resolves)
os.hk,REGISTERED (resolves)
ot.hk,REGISTERED (resolves)
ou.hk,REGISTERED (resolves)
ov.hk,REGISTERED (resolves)
ow.hk,REGISTERED (resolves)
ox.hk,REGISTERED (resolves)
oy.hk,REGISTERED (resolves)
oz.hk,REGISTERED (resolves)
o0.hk,REGISTERED (resolves)
o1.hk,REGISTERED (resolves)
o2.hk,REGISTERED (resolves)
o3.hk,NO RESPONSE
o4.hk,NO RESPONSE
o5.hk,REGISTERED (resolves)
o6.hk,REGISTERED (resolves)
o7.hk,REGISTERED (resolves)
o8.hk,REGISTERED (resolves)
o9.hk,REGISTERED (resolves)
pa.hk,REGISTERED (resolves)
pb.hk,REGISTERED (resolves)
pc.hk,NO RESPONSE
pd.hk,REGISTERED (resolves)
pe.hk,REGISTERED (resolves)
pf.hk,NO RESPONSE
pg.hk,REGISTERED (resolves)
ph.hk,REGISTERED (resolves)
pi.hk,REGISTERED (resolves)
pj.hk,REGISTERED (resolves)
pk.hk,REGISTERED (resolves)
pl.hk,NO RESPONSE
pm.hk,NO RESPONSE
pn.hk,NO RESPONSE
po.hk,NO RESPONSE
pp.hk,NO RESPONSE
pq.hk,REGISTERED (resolves)
pr.hk,NO RESPONSE
ps.hk,NO RESPONSE
pt.hk,REGISTERED (resolves)
pu.hk,NO RESPONSE
pv.hk,NO RESPONSE
pw.hk,NO RESPONSE
px.hk,REGISTERED (resolves)
py.hk,REGISTERED (resolves)
pz.hk,REGISTERED (resolves)
p0.hk,REGISTERED (resolves)
p1.hk,REGISTERED (resolves)
p2.hk,REGISTERED (resolves)
p3.hk,REGISTERED (resolves)
p4.hk,REGISTERED (resolves)
p5.hk,NO RESPONSE
p6.hk,REGISTERED (resolves)
p7.hk,REGISTERED (resolves)
p8.hk,REGISTERED (resolves)
p9.hk,REGISTERED (resolves)
qa.hk,REGISTERED (resolves)
qb.hk,REGISTERED (resolves)
qc.hk,REGISTERED (resolves)
qd.hk,REGISTERED (resolves)
qe.hk,REGISTERED (resolves)
qf.hk,NO RESPONSE
qg.hk,NO RESPONSE
qh.hk,NO RESPONSE
qi.hk,REGISTERED (resolves)
qj.hk,REGISTERED (resolves)
qk.hk,REGISTERED (resolves)
ql.hk,REGISTERED (resolves)
qm.hk,REGISTERED (resolves)
qn.hk,NO RESPONSE
qo.hk,REGISTERED (resolves)
qp.hk,NO RESPONSE
qq.hk,REGISTERED (resolves)
qr.hk,NO RESPONSE
qs.hk,REGISTERED (resolves)
qt.hk,REGISTERED (resolves)
qu.hk,REGISTERED (resolves)
qv.hk,NO RESPONSE
qw.hk,REGISTERED (resolves)
qx.hk,NO RESPONSE
qy.hk,REGISTERED (resolves)
qz.hk,REGISTERED (resolves)
q0.hk,NO RESPONSE
q1.hk,REGISTERED (resolves)
q2.hk,REGISTERED (resolves)
q3.hk,REGISTERED (resolves)
q4.hk,REGISTERED (resolves)
q5.hk,NO RESPONSE
q6.hk,REGISTERED (resolves)
q7.hk,NO RESPONSE
q8.hk,REGISTERED (resolves)
q9.hk,REGISTERED (resolves)
ra.hk,NO RESPONSE
rb.hk,REGISTERED (resolves)
rc.hk,REGISTERED (resolves)
rd.hk,REGISTERED (resolves)
re.hk,REGISTERED (resolves)
rf.hk,REGISTERED (resolves)
rg.hk,REGISTERED (resolves)
rh.hk,REGISTERED (resolves)
ri.hk,NO RESPONSE
rj.hk,REGISTERED (resolves)
rk.hk,REGISTERED (resolves)
rl.hk,REGISTERED (resolves)
rm.hk,NO RESPONSE
rn.hk,REGISTERED (resolves)
ro.hk,REGISTERED (resolves)
rp.hk,REGISTERED (resolves)
rq.hk,REGISTERED (resolves)
rr.hk,REGISTERED (resolves)
rs.hk,NO RESPONSE
rt.hk,REGISTERED (resolves)
ru.hk,NO RESPONSE
rv.hk,REGISTERED (resolves)
rw.hk,NO RESPONSE
rx.hk,REGISTERED (resolves)
ry.hk,REGISTERED (resolves)
rz.hk,REGISTERED (resolves)
r0.hk,NO RESPONSE
r1.hk,REGISTERED (resolves)
r2.hk,NO RESPONSE
r3.hk,REGISTERED (resolves)
r4.hk,REGISTERED (resolves)
r5.hk,REGISTERED (resolves)
r6.hk,REGISTERED (resolves)
r7.hk,REGISTERED (resolves)
r8.hk,REGISTERED (resolves)
r9.hk,REGISTERED (resolves)
sa.hk,REGISTERED (resolves)
sb.hk,REGISTERED (resolves)
sc.hk,REGISTERED (resolves)
sd.hk,NO RESPONSE
se.hk,REGISTERED (resolves)
sf.hk,NO RESPONSE
sg.hk,REGISTERED (resolves)
sh.hk,REGISTERED (resolves)
si.hk,NO RESPONSE
sj.hk,NO RESPONSE
sk.hk,NO RESPONSE
sl.hk,NO RESPONSE
sm.hk,REGISTERED (resolves)
sn.hk,NO RESPONSE
so.hk,REGISTERED (resolves)
sp.hk,REGISTERED (resolves)
sq.hk,REGISTERED (resolves)
sr.hk,REGISTERED (resolves)
ss.hk,REGISTERED (resolves)
st.hk,REGISTERED (resolves)
su.hk,NO RESPONSE
sv.hk,NO RESPONSE
sw.hk,REGISTERED (resolves)
sx.hk,REGISTERED (resolves)
sy.hk,REGISTERED (resolves)
sz.hk,NO RESPONSE
s0.hk,REGISTERED (resolves)
s1.hk,REGISTERED (resolves)
s2.hk,REGISTERED (resolves)
s3.hk,REGISTERED (resolves)
s4.hk,NO RESPONSE
s5.hk,REGISTERED (resolves)
s6.hk,REGISTERED (resolves)
s7.hk,REGISTERED (resolves)
s8.hk,NO RESPONSE
s9.hk,REGISTERED (resolves)
ta.hk,REGISTERED (resolves)
tb.hk,REGISTERED (resolves)
tc.hk,REGISTERED (resolves)
td.hk,NO RESPONSE
te.hk,REGISTERED (resolves)
tf.hk,REGISTERED (resolves)
tg.hk,REGISTERED (resolves)
th.hk,NO RESPONSE
ti.hk,NO RESPONSE
tj.hk,REGISTERED (resolves)
tk.hk,REGISTERED (resolves)
tl.hk,REGISTERED (resolves)
tm.hk,REGISTERED (resolves)
tn.hk,REGISTERED (resolves)
to.hk,REGISTERED (resolves)
tp.hk,NO RESPONSE
tq.hk,REGISTERED (resolves)
tr.hk,NO RESPONSE
ts.hk,REGISTERED (resolves)
tt.hk,REGISTERED (resolves)
tu.hk,REGISTERED (resolves)
tv.hk,NO RESPONSE
tw.hk,REGISTERED (resolves)
tx.hk,REGISTERED (resolves)
ty.hk,REGISTERED (resolves)
tz.hk,REGISTERED (resolves)
t0.hk,NO RESPONSE
t1.hk,NO RESPONSE
t2.hk,REGISTERED (resolves)
t3.hk,NO RESPONSE
t4.hk,REGISTERED (resolves)
t5.hk,REGISTERED (resolves)
t6.hk,NO RESPONSE
t7.hk,REGISTERED (resolves)
t8.hk,REGISTERED (resolves)
t9.hk,REGISTERED (resolves)
ua.hk,NO RESPONSE
ub.hk,NO RESPONSE
uc.hk,REGISTERED (resolves)
ud.hk,REGISTERED (resolves)
ue.hk,NO RESPONSE
uf.hk,REGISTERED (resolves)
ug.hk,REGISTERED (resolves)
uh.hk,REGISTERED (resolves)
ui.hk,REGISTERED (resolves)
uj.hk,REGISTERED (resolves)
uk.hk,REGISTERED (resolves)
ul.hk,REGISTERED (resolves)
um.hk,REGISTERED (resolves)
un.hk,NO RESPONSE
uo.hk,REGISTERED (resolves)
up.hk,REGISTERED (resolves)
uq.hk,REGISTERED (resolves)
ur.hk,NO RESPONSE
us.hk,REGISTERED (resolves)
ut.hk,REGISTERED (resolves)
uu.hk,REGISTERED (resolves)
uv.hk,REGISTERED (resolves)
uw.hk,REGISTERED (resolves)
ux.hk,REGISTERED (resolves)
uy.hk,NO RESPONSE
uz.hk,REGISTERED (resolves)
u0.hk,NO RESPONSE
u1.hk,REGISTERED (resolves)
u2.hk,REGISTERED (resolves)
u3.hk,REGISTERED (resolves)
u4.hk,REGISTERED (resolves)
u5.hk,REGISTERED (resolves)
u6.hk,REGISTERED (resolves)
u7.hk,REGISTERED (resolves)
u8.hk,REGISTERED (resolves)
u9.hk,REGISTERED (resolves)
va.hk,REGISTERED (resolves)
vb.hk,NO RESPONSE
vc.hk,NO RESPONSE
vd.hk,REGISTERED (resolves)
ve.hk,REGISTERED (resolves)
vf.hk,NO RESPONSE
vg.hk,NO RESPONSE
vh.hk,REGISTERED (resolves)
vi.hk,REGISTERED (resolves)
vj.hk,NO RESPONSE
vk.hk,REGISTERED (resolves)
vl.hk,REGISTERED (resolves)
vm.hk,REGISTERED (resolves)
vn.hk,NO RESPONSE
vo.hk,REGISTERED (resolves)
vp.hk,REGISTERED (resolves)
vq.hk,REGISTERED (resolves)
vr.hk,REGISTERED (resolves)
vs.hk,REGISTERED (resolves)
vt.hk,NO RESPONSE
vu.hk,NO RESPONSE
vv.hk,REGISTERED (resolves)
vw.hk,REGISTERED (resolves)
vx.hk,REGISTERED (resolves)
vy.hk,NO RESPONSE
vz.hk,REGISTERED (resolves)
v0.hk,REGISTERED (resolves)
v1.hk,NO RESPONSE
v2.hk,REGISTERED (resolves)
v3.hk,REGISTERED (resolves)
v4.hk,REGISTERED (resolves)
v5.hk,NO RESPONSE
v6.hk,NO RESPONSE
v7.hk,REGISTERED (resolves)
v8.hk,REGISTERED (resolves)
v9.hk,REGISTERED (resolves)
wa.hk,REGISTERED (resolves)
wb.hk,NO RESPONSE
wc.hk,REGISTERED (resolves)
wd.hk,REGISTERED (resolves)
we.hk,NO RESPONSE
wf.hk,REGISTERED (resolves)
wg.hk,REGISTERED (resolves)
wh.hk,REGISTERED (resolves)
wi.hk,REGISTERED (resolves)
wj.hk,REGISTERED (resolves)
wk.hk,REGISTERED (resolves)
wl.hk,NO RESPONSE
wm.hk,REGISTERED (resolves)
wn.hk,REGISTERED (resolves)
wo.hk,REGISTERED (resolves)
wp.hk,REGISTERED (resolves)
wq.hk,REGISTERED (resolves)
wr.hk,REGISTERED (resolves)
ws.hk,NO RESPONSE
wt.hk,REGISTERED (resolves)
wu.hk,NO RESPONSE
wv.hk,NO RESPONSE
ww.hk,REGISTERED (resolves)
wx.hk,NO RESPONSE
wy.hk,NO RESPONSE
wz.hk,REGISTERED (resolves)
w0.hk,REGISTERED (resolves)
w1.hk,REGISTERED (resolves)
w2.hk,REGISTERED (resolves)
w3.hk,REGISTERED (resolves)
w4.hk,REGISTERED (resolves)
w5.hk,NO RESPONSE
w6.hk,REGISTERED (resolves)
w7.hk,REGISTERED (resolves)
w8.hk,NO RESPONSE
w9.hk,NO RESPONSE
xa.hk,REGISTERED (resolves)
xb.hk,NO RESPONSE
xc.hk,REGISTERED (resolves)
xd.hk,REGISTERED (resolves)
xe.hk,NO RESPONSE
xf.hk,REGISTERED (resolves)
xg.hk,REGISTERED (resolves)
xh.hk,NO RESPONSE
xi.hk,REGISTERED (resolves)
xj.hk,REGISTERED (resolves)
xk.hk,NO RESPONSE
xl.hk,NO RESPONSE
xm.hk,REGISTERED (resolves)
xn.hk,REGISTERED (resolves)
xo.hk,REGISTERED (resolves)
xp.hk,REGISTERED (resolves)
xq.hk,REGISTERED (resolves)
xr.hk,REGISTERED (resolves)
xs.hk,REGISTERED (resolves)
xt.hk,REGISTERED (resolves)
xu.hk,REGISTERED (resolves)
xv.hk,REGISTERED (resolves)
xw.hk,NO RESPONSE
xx.hk,REGISTERED (resolves)
xy.hk,REGISTERED (resolves)
xz.hk,NO RESPONSE
x0.hk,REGISTERED (resolves)
x1.hk,REGISTERED (resolves)
x2.hk,NO RESPONSE
x3.hk,NO RESPONSE
x4.hk,REGISTERED (resolves)
x5.hk,REGISTERED (resolves)
x6.hk,NO RESPONSE
x7.hk,REGISTERED (resolves)
x8.hk,REGISTERED (resolves)
x9.hk,NO RESPONSE
ya.hk,NO RESPONSE
yb.hk,REGISTERED (resolves)
yc.hk,REGISTERED (resolves)
yd.hk,NO RESPONSE
ye.hk,NO RESPONSE
yf.hk,REGISTERED (resolves)
yg.hk,REGISTERED (resolves)
yh.hk,REGISTERED (resolves)
yi.hk,REGISTERED (resolves)
yj.hk,REGISTERED (resolves)
yk.hk,REGISTERED (resolves)
yl.hk,REGISTERED (resolves)
ym.hk,REGISTERED (resolves)
yn.hk,REGISTERED (resolves)
yo.hk,NO RESPONSE
yp.hk,REGISTERED (resolves)
yq.hk,REGISTERED (resolves)
yr.hk,REGISTERED (resolves)
ys.hk,REGISTERED (resolves)
yt.hk,NO RESPONSE
yu.hk,REGISTERED (resolves)
yv.hk,REGISTERED (resolves)
yw.hk,REGISTERED (resolves)
yx.hk,NO RESPONSE
yy.hk,REGISTERED (resolves)
yz.hk,REGISTERED (resolves)
y0.hk,REGISTERED (resolves)
y1.hk,REGISTERED (resolves)
y2.hk,REGISTERED (resolves)
y3.hk,REGISTERED (resolves)
y4.hk,REGISTERED (resolves)
y5.hk,REGISTERED (resolves)
y6.hk,REGISTERED (resolves)
y7.hk,REGISTERED (resolves)
y8.hk,NO RESPONSE
y9.hk,NO RESPONSE
za.hk,REGISTERED (resolves)
zb.hk,NO RESPONSE
zc.hk,REGISTERED (resolves)
zd.hk,REGISTERED (resolves)
ze.hk,NO RESPONSE
zf.hk,REGISTERED (resolves)
zg.hk,NO RESPONSE
zh.hk,REGISTERED (resolves)
zi.hk,NO RESPONSE
zj.hk,NO RESPONSE
zk.hk,NO RESPONSE
zl.hk,NO RESPONSE
zm.hk,REGISTERED (resolves)
zn.hk,REGISTERED (resolves)
zo.hk,NO RESPONSE
zp.hk,NO RESPONSE
zq.hk,REGISTERED (resolves)
zr.hk,REGISTERED (resolves)
zs.hk,REGISTERED (resolves)
zt.hk,NO RESPONSE
zu.hk,REGISTERED (resolves)
zv.hk,NO RESPONSE
zw.hk,REGISTERED (resolves)
zx.hk,REGISTERED (resolves)
zy.hk,NO RESPONSE
zz.hk,REGISTERED (resolves)
z0.hk,REGISTERED (resolves)
z1.hk,REGISTERED (resolves)
z2.hk,REGISTERED (resolves)
z3.hk,NO RESPONSE
z4.hk,REGISTERED (resolves)
z5.hk,REGISTERED (resolves)
z6.hk,REGISTERED (resolves)
z7.hk,REGISTERED (resolves)
z8.hk,NO RESPONSE
z9.hk,REGISTERED (resolves)
0a.hk,REGISTERED (resolves)
0b.hk,NO RESPONSE
0c.hk,NO RESPONSE
0d.hk,REGISTERED (resolves)
0e.hk,NO RESPONSE
0f.hk,REGISTERED (resolves)
0g.hk,REGISTERED (resolves)
0h.hk,NO RESPONSE
0i.hk,REGISTERED (resolves)
0j.hk,REGISTERED (resolves)
0k.hk,NO RESPONSE
0l.hk,REGISTERED (resolves)
0m.hk,REGISTERED (resolves)
0n.hk,NO RESPONSE
0o.hk,REGISTERED (resolves)
0p.hk,NO RESPONSE
0q.hk,REGISTERED (resolves)
0r.hk,REGISTERED (resolves)
0s.hk,REGISTERED (resolves)
0t.hk,NO RESPONSE
0u.hk,REGISTERED (resolves)
0v.hk,REGISTERED (resolves)
0w.hk,REGISTERED (resolves)
0x.hk,REGISTERED (resolves)
0y.hk,REGISTERED (resolves)
0z.hk,NO RESPONSE
00.hk,NO RESPONSE
01.hk,REGISTERED (resolves)
02.hk,NO RESPONSE
03.hk,REGISTERED (resolves)
04.hk,REGISTERED (resolves)
05.hk,REGISTERED (resolves)
06.hk,REGISTERED (resolves)
07.hk,NO RESPONSE
08.hk,REGISTERED (resolves)
09.hk,REGISTERED (resolves)
1a.hk,NO RESPONSE
1b.hk,NO RESPONSE
1c.hk,REGISTERED (resolves)
1d.hk,REGISTERED (resolves)
1e.hk,NO RESPONSE
1f.hk,REGISTERED (resolves)
1g.hk,NO RESPONSE
1h.hk,NO RESPONSE
1i.hk,NO RESPONSE
1j.hk,NO RESPONSE
1k.hk,REGISTERED (resolves)
1l.hk,REGISTERED (resolves)
1m.hk,REGISTERED (resolves)
1n.hk,NO RESPONSE
1o.hk,REGISTERED (resolves)
1p.hk,REGISTERED (resolves)
1q.hk,REGISTERED (resolves)
1r.hk,NO RESPONSE
1s.hk,REGISTERED (resolves)
1t.hk,NO RESPONSE
1u.hk,NO RESPONSE
1v.hk,NO RESPONSE
1w.hk,REGISTERED (resolves)
1x.hk,NO RESPONSE
1y.hk,REGISTERED (resolves)
1z.hk,REGISTERED (resolves)
10.hk,REGISTERED (resolves)
11.hk,REGISTERED (resolves)
12.hk,REGISTERED (resolves)
13.hk,REGISTERED (resolves)
14.hk,REGISTERED (resolves)
15.hk,NO RESPONSE
16.hk,REGISTERED (resolves)
17.hk,NO RESPONSE
18.hk,REGISTERED (resolves)
19.hk,NO RESPONSE
2a.hk,REGISTERED (resolves)
2b.hk,REGISTERED (resolves)
2c.hk,REGISTERED (resolves)
2d.hk,REGISTERED (resolves)
2e.hk,NO RESPONSE
2f.hk,NO RESPONSE
2g.hk,REGISTERED (resolves)
2h.hk,REGISTERED (resolves)
2i.hk,REGISTERED (resolves)
2j.hk,REGISTERED (resolves)
2k.hk,NO RESPONSE
2l.hk,NO RESPONSE
2m.hk,NO RESPONSE
2n.hk,NO RESPONSE
2o.hk,NO RESPONSE
2p.hk,NO RESPONSE
2q.hk,NO RESPONSE
2r.hk,REGISTERED (resolves)
2s.hk,REGISTERED (resolves)
2t.hk,NO RESPONSE
2u.hk,REGISTERED (resolves)
2v.hk,REGISTERED (resolves)
2w.hk,REGISTERED (resolves)
2x.hk,NO RESPONSE
2y.hk,REGISTERED (resolves)
2z.hk,REGISTERED (resolves)
20.hk,NO RESPONSE
21.hk,REGISTERED (resolves)
22.hk,REGISTERED (resolves)
23.hk,REGISTERED (resolves)
24.hk,REGISTERED (resolves)
25.hk,REGISTERED (resolves)
26.hk,REGISTERED (resolves)
27.hk,REGISTERED (resolves)
28.hk,REGISTERED (resolves)
29.hk,REGISTERED (resolves)
3a.hk,REGISTERED (resolves)
3b.hk,REGISTERED (resolves)
3c.hk,REGISTERED (resolves)
3d.hk,REGISTERED (resolves)
3e.hk,REGISTERED (resolves)
3f.hk,NO RESPONSE
3g.hk,NO RESPONSE
3h.hk,REGISTERED (resolves)
3i.hk,REGISTERED (resolves)
3j.hk,REGISTERED (resolves)
3k.hk,NO RESPONSE
3l.hk,NO RESPONSE
3m.hk,REGISTERED (resolves)
3n.hk,NO RESPONSE
3o.hk,NO RESPONSE
3p.hk,NO RESPONSE
3q.hk,REGISTERED (resolves)
3r.hk,REGISTERED (resolves)
3s.hk,REGISTERED (resolves)
3t.hk,REGISTERED (resolves)
3u.hk,REGISTERED (resolves)
3v.hk,REGISTERED (resolves)
3w.hk,REGISTERED (resolves)
3x.hk,REGISTERED (resolves)
3y.hk,REGISTERED (resolves)
3z.hk,NO RESPONSE
30.hk,NO RESPONSE
31.hk,REGISTERED (resolves)
32.hk,NO RESPONSE
33.hk,NO RESPONSE
34.hk,REGISTERED (resolves)
35.hk,NO RESPONSE
36.hk,REGISTERED (resolves)
37.hk,REGISTERED (resolves)
38.hk,REGISTERED (resolves)
39.hk,REGISTERED (resolves)
4a.hk,REGISTERED (resolves)
4b.hk,REGISTERED (resolves)
4c.hk,NO RESPONSE
4d.hk,REGISTERED (resolves)
4e.hk,NO RESPONSE
4f.hk,REGISTERED (resolves)
4g.hk,REGISTERED (resolves)
4h.hk,REGISTERED (resolves)
4i.hk,NO RESPONSE
4j.hk,REGISTERED (resolves)
4k.hk,NO RESPONSE
4l.hk,REGISTERED (resolves)
4m.hk,REGISTERED (resolves)
4n.hk,NO RESPONSE
4o.hk,NO RESPONSE
4p.hk,NO RESPONSE
4q.hk,NO RESPONSE
4r.hk,NO RESPONSE
4s.hk,REGISTERED (resolves)
4t.hk,NO RESPONSE
4u.hk,REGISTERED (resolves)
4v.hk,NO RESPONSE
4w.hk,NO RESPONSE
4x.hk,REGISTERED (resolves)
4y.hk,REGISTERED (resolves)
4z.hk,REGISTERED (resolves)
40.hk,REGISTERED (resolves)
41.hk,NO RESPONSE
42.hk,REGISTERED (resolves)
43.hk,REGISTERED (resolves)
44.hk,REGISTERED (resolves)
45.hk,NO RESPONSE
46.hk,REGISTERED (resolves)
47.hk,NO RESPONSE
48.hk,NO RESPONSE
49.hk,REGISTERED (resolves)
5a.hk,NO RESPONSE
5b.hk,REGISTERED (resolves)
5c.hk,NO RESPONSE
5d.hk,NO RESPONSE
5e.hk,NO RESPONSE
5f.hk,REGISTERED (resolves)
5g.hk,NO RESPONSE
5h.hk,NO RESPONSE
5i.hk,NO RESPONSE
5j.hk,NO RESPONSE
5k.hk,NO RESPONSE
5l.hk,REGISTERED (resolves)
5m.hk,NO RESPONSE
5n.hk,REGISTERED (resolves)
5o.hk,REGISTERED (resolves)
5p.hk,NO RESPONSE
5q.hk,NO RESPONSE
5r.hk,REGISTERED (resolves)
5s.hk,NO RESPONSE
5t.hk,NO RESPONSE
5u.hk,REGISTERED (resolves)
5v.hk,REGISTERED (resolves)
5w.hk,REGISTERED (resolves)
5x.hk,REGISTERED (resolves)
5y.hk,NO RESPONSE
5z.hk,NO RESPONSE
50.hk,REGISTERED (resolves)
51.hk,NO RESPONSE
52.hk,NO RESPONSE
53.hk,NO RESPONSE
54.hk,REGISTERED (resolves)
55.hk,NO RESPONSE
56.hk,REGISTERED (resolves)
57.hk,REGISTERED (resolves)
58.hk,NO RESPONSE
59.hk,REGISTERED (resolves)
6a.hk,REGISTERED (resolves)
6b.hk,REGISTERED (resolves)
6c.hk,REGISTERED (resolves)
6d.hk,REGISTERED (resolves)
6e.hk,REGISTERED (resolves)
6f.hk,REGISTERED (resolves)
6g.hk,REGISTERED (resolves)
6h.hk,REGISTERED (resolves)
6i.hk,REGISTERED (resolves)
6j.hk,NO RESPONSE
6k.hk,REGISTERED (resolves)
6l.hk,NO RESPONSE
6m.hk,NO RESPONSE
6n.hk,REGISTERED (resolves)
6o.hk,NO RESPONSE
6p.hk,NO RESPONSE
6q.hk,NO RESPONSE
6r.hk,REGISTERED (resolves)
6s.hk,NO RESPONSE
6t.hk,NO RESPONSE
6u.hk,REGISTERED (resolves)
6v.hk,REGISTERED (resolves)
6w.hk,NO RESPONSE
6x.hk,REGISTERED (resolves)
6y.hk,REGISTERED (resolves)
6z.hk,NO RESPONSE
60.hk,REGISTERED (resolves)
61.hk,REGISTERED (resolves)
62.hk,NO RESPONSE
63.hk,REGISTERED (resolves)
64.hk,REGISTERED (resolves)
65.hk,REGISTERED (resolves)
66.hk,REGISTERED (resolves)
67.hk,REGISTERED (resolves)
68.hk,REGISTERED (resolves)
69.hk,REGISTERED (resolves)
7a.hk,REGISTERED (resolves)
7b.hk,REGISTERED (resolves)
7c.hk,REGISTERED (resolves)
7d.hk,REGISTERED (resolves)
7e.hk,REGISTERED (resolves)
7f.hk,NO RESPONSE
7g.hk,REGISTERED (resolves)
7h.hk,REGISTERED (resolves)
7i.hk,NO RESPONSE
7j.hk,NO RESPONSE
7k.hk,NO RESPONSE
7l.hk,NO RESPONSE
7m.hk,REGISTERED (resolves)
7n.hk,NO RESPONSE
7o.hk,NO RESPONSE
7p.hk,REGISTERED (resolves)
7q.hk,NO RESPONSE
7r.hk,REGISTERED (resolves)
7s.hk,NO RESPONSE
7t.hk,NO RESPONSE
7u.hk,REGISTERED (resolves)
7v.hk,REGISTERED (resolves)
7w.hk,REGISTERED (resolves)
7x.hk,NO RESPONSE
7y.hk,REGISTERED (resolves)
7z.hk,NO RESPONSE
70.hk,REGISTERED (resolves)
71.hk,REGISTERED (resolves)
72.hk,REGISTERED (resolves)
73.hk,NO RESPONSE
74.hk,REGISTERED (resolves)
75.hk,REGISTERED (resolves)
76.hk,REGISTERED (resolves)
77.hk,REGISTERED (resolves)
78.hk,REGISTERED (resolves)
79.hk,REGISTERED (resolves)
8a.hk,REGISTERED (resolves)
8b.hk,REGISTERED (resolves)
8c.hk,NO RESPONSE
8d.hk,NO RESPONSE
8e.hk,REGISTERED (resolves)
8f.hk,REGISTERED (resolves)
8g.hk,NO RESPONSE
8h.hk,REGISTERED (resolves)
8i.hk,REGISTERED (resolves)
8j.hk,REGISTERED (resolves)
8k.hk,NO RESPONSE
8l.hk,NO RESPONSE
8m.hk,REGISTERED (resolves)
8n.hk,NO RESPONSE
8o.hk,REGISTERED (resolves)
8p.hk,REGISTERED (resolves)
8q.hk,REGISTERED (resolves)
8r.hk,NO RESPONSE
8s.hk,REGISTERED (resolves)
8t.hk,NO RESPONSE
8u.hk,REGISTERED (resolves)
8v.hk,REGISTERED (resolves)
8w.hk,NO RESPONSE
8x.hk,REGISTERED (resolves)
8y.hk,NO RESPONSE
8z.hk,NO RESPONSE
80.hk,NO RESPONSE
81.hk,REGISTERED (resolves)
82.hk,REGISTERED (resolves)
83.hk,REGISTERED (resolves)
84.hk,NO RESPONSE
85.hk,REGISTERED (resolves)
86.hk,REGISTERED (resolves)
87.hk,REGISTERED (resolves)
88.hk,REGISTERED (resolves)
89.hk,REGISTERED (resolves)
9a.hk,REGISTERED (resolves)
9b.hk,NO RESPONSE
9c.hk,REGISTERED (resolves)
9d.hk,NO RESPONSE
9e.hk,NO RESPONSE
9f.hk,REGISTERED (resolves)
9g.hk,NO RESPONSE
9h.hk,REGISTERED (resolves)
9i.hk,REGISTERED (resolves)
9j.hk,REGISTERED (resolves)
9k.hk,NO RESPONSE
9l.hk,REGISTERED (resolves)
9m.hk,NO RESPONSE
9n.hk,REGISTERED (resolves)
9o.hk,NO RESPONSE
9p.hk,REGISTERED (resolves)
9q.hk,NO RESPONSE
9r.hk,REGISTERED (resolves)
9s.hk,REGISTERED (resolves)
9t.hk,NO RESPONSE
9u.hk,NO RESPONSE
9v.hk,REGISTERED (resolves)
9w.hk,REGISTERED (resolves)
9x.hk,REGISTERED (resolves)
9y.hk,REGISTERED (resolves)
9z.hk,REGISTERED (resolves)
90.hk,REGISTERED (resolves)
91.hk,REGISTERED (resolves)
92.hk,NO RESPONSE
93.hk,REGISTERED (resolves)
94.hk,REGISTERED (resolves)
95.hk,NO RESPONSE
96.hk,NO RESPONSE
97.hk,NO RESPONSE
98.hk,NO RESPONSE
99.hk,REGISTERED (resolves)
